date      , dataset, method                    , dim, stage , cand_k, R@10  , R@50  , R@100 , R@500 , QPS, source           , notes
2026-06-15, full   , MLP-WJ-triplet(nb15-log1p), 512, base  ,       , 0.5684, 0.6448, 0.664 , 0.7104, 369, eval_nb15_fair.py, recall reproduced (=notebook); QPS contention-depressed ~5x (buddhi ~166 cores) - rerun for comparable QPS
2026-06-15, full   , MLP-WJ-triplet(nb15-log1p), 512, rerank,   1000, 0.9921, 0.9919, 0.9848, 0.8487, 392, eval_nb15_fair.py, recall reproduced (=notebook); QPS contention-depressed ~5x (buddhi ~166 cores) - rerun for comparable QPS
2026-06-15, full   , MLP-WJ-triplet(nb15-log1p), 512, rerank,   2000, 0.9923, 0.9928, 0.9877, 0.8752, 122, eval_nb15_fair.py, recall reproduced (=notebook); QPS contention-depressed ~5x (buddhi ~166 cores) - rerun for comparable QPS
2026-06-16,full,triplet+recon(nb28-d2048),2048,base,,0.5769,0.6664,0.6605,0.667,1107,28_triplet_autoencoder_wj_2048.ipynb,single-GPU cdist-WJ-loss bs=2048 max_pos=30 ep=75; 150 threads; QPS comparable to 150-thread rows
2026-06-16,full,triplet+recon(nb28-d2048),2048,rerank,1000,0.9923,0.9904,0.9774,0.7972,879,28_triplet_autoencoder_wj_2048.ipynb,single-GPU cdist-WJ-loss bs=2048 max_pos=30 ep=75; 150 threads; QPS comparable to 150-thread rows
2026-06-16,full,triplet+recon(nb28-d2048),2048,rerank,2000,0.9924,0.9919,0.9829,0.8445,594,28_triplet_autoencoder_wj_2048.ipynb,single-GPU cdist-WJ-loss bs=2048 max_pos=30 ep=75; 150 threads; QPS comparable to 150-thread rows
2026-06-16,full,InfoNCE(Recall-CG)-d2048,2048,base,,0.5119,0.6051,0.6442,0.7109,2327,run_infonce_2048.py,single-process DataParallel cdist-WJ-loss bs=2048 max_pos=256 ep=18; 150 threads
2026-06-16,full,InfoNCE(Recall-CG)-d2048,2048,rerank,1000,0.9907,0.9886,0.9811,0.8352,993,run_infonce_2048.py,single-process DataParallel cdist-WJ-loss bs=2048 max_pos=256 ep=18; 150 threads
2026-06-16,full,InfoNCE(Recall-CG)-d2048,2048,rerank,2000,0.991,0.9899,0.9837,0.8468,869,run_infonce_2048.py,single-process DataParallel cdist-WJ-loss bs=2048 max_pos=256 ep=18; 150 threads
2026-06-17,full,Matryoshka-triplet-d1024,1024,base,,0.5922,0.6794,0.6686,0.6734,1676,run_matryoshka.py,"Matryoshka triplet max_pos=30 emb=4096 prefixes=[1024, 2048, 4096]; truncated+renorm; 120 threads efSearch=200"
2026-06-17,full,Matryoshka-triplet-d1024,1024,rerank,1000,0.9924,0.9907,0.9779,0.8053,1061,run_matryoshka.py,"Matryoshka triplet max_pos=30 emb=4096 prefixes=[1024, 2048, 4096]; truncated+renorm; 120 threads efSearch=200"
2026-06-17,full,Matryoshka-triplet-d1024,1024,rerank,2000,0.9925,0.9921,0.9836,0.8544,703,run_matryoshka.py,"Matryoshka triplet max_pos=30 emb=4096 prefixes=[1024, 2048, 4096]; truncated+renorm; 120 threads efSearch=200"
2026-06-17,full,Matryoshka-triplet-d2048,2048,base,,0.5993,0.687,0.6773,0.6903,1344,run_matryoshka.py,"Matryoshka triplet max_pos=30 emb=4096 prefixes=[1024, 2048, 4096]; truncated+renorm; 120 threads efSearch=200"
2026-06-17,full,Matryoshka-triplet-d2048,2048,rerank,1000,0.9925,0.9919,0.9816,0.8223,920,run_matryoshka.py,"Matryoshka triplet max_pos=30 emb=4096 prefixes=[1024, 2048, 4096]; truncated+renorm; 120 threads efSearch=200"
2026-06-17,full,Matryoshka-triplet-d2048,2048,rerank,2000,0.9925,0.9927,0.9853,0.8603,638,run_matryoshka.py,"Matryoshka triplet max_pos=30 emb=4096 prefixes=[1024, 2048, 4096]; truncated+renorm; 120 threads efSearch=200"
2026-06-17,full,Matryoshka-triplet-d4096,4096,base,,0.6027,0.6909,0.6817,0.6988,1145,run_matryoshka.py,"Matryoshka triplet max_pos=30 emb=4096 prefixes=[1024, 2048, 4096]; truncated+renorm; 120 threads efSearch=200"
2026-06-17,full,Matryoshka-triplet-d4096,4096,rerank,1000,0.9926,0.9924,0.9832,0.8307,902,run_matryoshka.py,"Matryoshka triplet max_pos=30 emb=4096 prefixes=[1024, 2048, 4096]; truncated+renorm; 120 threads efSearch=200"
2026-06-17,full,Matryoshka-triplet-d4096,4096,rerank,2000,0.9926,0.993,0.9861,0.8628,512,run_matryoshka.py,"Matryoshka triplet max_pos=30 emb=4096 prefixes=[1024, 2048, 4096]; truncated+renorm; 120 threads efSearch=200"
2026-06-17,full,Matryoshka-infonce-d1024,1024,base,,0.5587,0.6491,0.6865,0.7461,2602,run_matryoshka.py,"Matryoshka infonce max_pos=256 emb=4096 prefixes=[1024, 2048, 4096]; truncated+renorm; 120 threads efSearch=200"
2026-06-17,full,Matryoshka-infonce-d1024,1024,rerank,1000,0.9918,0.9935,0.9912,0.873,1013,run_matryoshka.py,"Matryoshka infonce max_pos=256 emb=4096 prefixes=[1024, 2048, 4096]; truncated+renorm; 120 threads efSearch=200"
2026-06-17,full,Matryoshka-infonce-d1024,1024,rerank,2000,0.9919,0.9937,0.9918,0.8825,740,run_matryoshka.py,"Matryoshka infonce max_pos=256 emb=4096 prefixes=[1024, 2048, 4096]; truncated+renorm; 120 threads efSearch=200"
2026-06-17,full,Matryoshka-infonce-d2048,2048,base,,0.5642,0.6542,0.6913,0.7494,1165,run_matryoshka.py,"Matryoshka infonce max_pos=256 emb=4096 prefixes=[1024, 2048, 4096]; truncated+renorm; 120 threads efSearch=200"
2026-06-17,full,Matryoshka-infonce-d2048,2048,rerank,1000,0.9918,0.9936,0.9915,0.8748,775,run_matryoshka.py,"Matryoshka infonce max_pos=256 emb=4096 prefixes=[1024, 2048, 4096]; truncated+renorm; 120 threads efSearch=200"
2026-06-17,full,Matryoshka-infonce-d2048,2048,rerank,2000,0.992,0.9939,0.9922,0.8836,593,run_matryoshka.py,"Matryoshka infonce max_pos=256 emb=4096 prefixes=[1024, 2048, 4096]; truncated+renorm; 120 threads efSearch=200"
2026-06-17,full,Matryoshka-infonce-d4096,4096,base,,0.5675,0.6571,0.6937,0.7507,1038,run_matryoshka.py,"Matryoshka infonce max_pos=256 emb=4096 prefixes=[1024, 2048, 4096]; truncated+renorm; 120 threads efSearch=200"
2026-06-17,full,Matryoshka-infonce-d4096,4096,rerank,1000,0.992,0.9937,0.9916,0.875,672,run_matryoshka.py,"Matryoshka infonce max_pos=256 emb=4096 prefixes=[1024, 2048, 4096]; truncated+renorm; 120 threads efSearch=200"
2026-06-17,full,Matryoshka-infonce-d4096,4096,rerank,2000,0.992,0.9938,0.9921,0.8833,580,run_matryoshka.py,"Matryoshka infonce max_pos=256 emb=4096 prefixes=[1024, 2048, 4096]; truncated+renorm; 120 threads efSearch=200"
2026-06-17,full,Plain-triplet-d2048,2048,base,,0.5981,0.6852,0.6763,0.6919,1263,run_plain_2048.py,Plain triplet max_pos=30 18220->4096->2048 single loss (no Matryoshka); 120 threads efSearch=200
2026-06-17,full,Plain-triplet-d2048,2048,rerank,1000,0.9925,0.992,0.9822,0.8253,919,run_plain_2048.py,Plain triplet max_pos=30 18220->4096->2048 single loss (no Matryoshka); 120 threads efSearch=200
2026-06-17,full,Plain-triplet-d2048,2048,rerank,2000,0.9925,0.9928,0.9855,0.8612,605,run_plain_2048.py,Plain triplet max_pos=30 18220->4096->2048 single loss (no Matryoshka); 120 threads efSearch=200
2026-06-17,full,Plain-infonce-d2048,2048,base,,0.5639,0.6551,0.6932,0.7561,1866,run_plain_2048.py,Plain infonce max_pos=256 18220->4096->2048 single loss (no Matryoshka); 120 threads efSearch=200
2026-06-17,full,Plain-infonce-d2048,2048,rerank,1000,0.9918,0.9937,0.9921,0.8807,1036,run_plain_2048.py,Plain infonce max_pos=256 18220->4096->2048 single loss (no Matryoshka); 120 threads efSearch=200
2026-06-17,full,Plain-infonce-d2048,2048,rerank,2000,0.9918,0.9938,0.9925,0.8883,785,run_plain_2048.py,Plain infonce max_pos=256 18220->4096->2048 single loss (no Matryoshka); 120 threads efSearch=200
2026-06-17,train80,Matryoshka-triplet-d1024,1024,base,,0.503,0.5834,0.6103,0.6512,1681,run_matryoshka.py,"Matryoshka triplet max_pos=30 emb=4096 prefixes=[1024, 2048, 4096]; truncated+renorm; 120 threads efSearch=200 eval20 n=8934"
2026-06-17,train80,Matryoshka-triplet-d1024,1024,rerank,1000,0.9877,0.9796,0.9628,0.7856,1062,run_matryoshka.py,"Matryoshka triplet max_pos=30 emb=4096 prefixes=[1024, 2048, 4096]; truncated+renorm; 120 threads efSearch=200 eval20 n=8934"
2026-06-17,train80,Matryoshka-triplet-d1024,1024,rerank,2000,0.989,0.984,0.972,0.8351,685,run_matryoshka.py,"Matryoshka triplet max_pos=30 emb=4096 prefixes=[1024, 2048, 4096]; truncated+renorm; 120 threads efSearch=200 eval20 n=8934"
2026-06-17,train80,Matryoshka-triplet-d2048,2048,base,,0.5126,0.5928,0.6202,0.6659,1308,run_matryoshka.py,"Matryoshka triplet max_pos=30 emb=4096 prefixes=[1024, 2048, 4096]; truncated+renorm; 120 threads efSearch=200 eval20 n=8934"
2026-06-17,train80,Matryoshka-triplet-d2048,2048,rerank,1000,0.9885,0.9821,0.9674,0.8008,979,run_matryoshka.py,"Matryoshka triplet max_pos=30 emb=4096 prefixes=[1024, 2048, 4096]; truncated+renorm; 120 threads efSearch=200 eval20 n=8934"
2026-06-17,train80,Matryoshka-triplet-d2048,2048,rerank,2000,0.9895,0.9854,0.9743,0.8411,613,run_matryoshka.py,"Matryoshka triplet max_pos=30 emb=4096 prefixes=[1024, 2048, 4096]; truncated+renorm; 120 threads efSearch=200 eval20 n=8934"
2026-06-17,train80,Matryoshka-triplet-d4096,4096,base,,0.5167,0.5976,0.625,0.6734,1000,run_matryoshka.py,"Matryoshka triplet max_pos=30 emb=4096 prefixes=[1024, 2048, 4096]; truncated+renorm; 120 threads efSearch=200 eval20 n=8934"
2026-06-17,train80,Matryoshka-triplet-d4096,4096,rerank,1000,0.9889,0.9833,0.9695,0.8088,772,run_matryoshka.py,"Matryoshka triplet max_pos=30 emb=4096 prefixes=[1024, 2048, 4096]; truncated+renorm; 120 threads efSearch=200 eval20 n=8934"
2026-06-17,train80,Matryoshka-triplet-d4096,4096,rerank,2000,0.9897,0.9862,0.9756,0.844,545,run_matryoshka.py,"Matryoshka triplet max_pos=30 emb=4096 prefixes=[1024, 2048, 4096]; truncated+renorm; 120 threads efSearch=200 eval20 n=8934"
2026-06-17,10k-train8k,Matryoshka-triplet-d1024,1024,base,,0.0034,0.0089,0.016,0.0394,6438,run_matryoshka.py,"Matryoshka triplet max_pos=30 emb=4096 prefixes=[1024, 2048, 4096]; truncated+renorm; 120 threads efSearch=200 eval2k n=2000"
2026-06-17,10k-train8k,Matryoshka-triplet-d1024,1024,rerank,1000,0.0273,0.0278,0.0279,0.0274,4773,run_matryoshka.py,"Matryoshka triplet max_pos=30 emb=4096 prefixes=[1024, 2048, 4096]; truncated+renorm; 120 threads efSearch=200 eval2k n=2000"
2026-06-17,10k-train8k,Matryoshka-triplet-d1024,1024,rerank,2000,0.0359,0.0356,0.0357,0.0355,4618,run_matryoshka.py,"Matryoshka triplet max_pos=30 emb=4096 prefixes=[1024, 2048, 4096]; truncated+renorm; 120 threads efSearch=200 eval2k n=2000"
2026-06-17,10k-train8k,Matryoshka-triplet-d2048,2048,base,,0.0017,0.0075,0.0131,0.0267,3176,run_matryoshka.py,"Matryoshka triplet max_pos=30 emb=4096 prefixes=[1024, 2048, 4096]; truncated+renorm; 120 threads efSearch=200 eval2k n=2000"
2026-06-17,10k-train8k,Matryoshka-triplet-d2048,2048,rerank,1000,0.0348,0.0359,0.035,0.0343,2474,run_matryoshka.py,"Matryoshka triplet max_pos=30 emb=4096 prefixes=[1024, 2048, 4096]; truncated+renorm; 120 threads efSearch=200 eval2k n=2000"
2026-06-17,10k-train8k,Matryoshka-triplet-d2048,2048,rerank,2000,0.0331,0.0333,0.0329,0.0319,2379,run_matryoshka.py,"Matryoshka triplet max_pos=30 emb=4096 prefixes=[1024, 2048, 4096]; truncated+renorm; 120 threads efSearch=200 eval2k n=2000"
2026-06-17,10k-train8k,Matryoshka-triplet-d4096,4096,base,,0.007,0.0118,0.0184,0.0342,757,run_matryoshka.py,"Matryoshka triplet max_pos=30 emb=4096 prefixes=[1024, 2048, 4096]; truncated+renorm; 120 threads efSearch=200 eval2k n=2000"
2026-06-17,10k-train8k,Matryoshka-triplet-d4096,4096,rerank,1000,0.0373,0.0366,0.0376,0.0371,543,run_matryoshka.py,"Matryoshka triplet max_pos=30 emb=4096 prefixes=[1024, 2048, 4096]; truncated+renorm; 120 threads efSearch=200 eval2k n=2000"
2026-06-17,10k-train8k,Matryoshka-triplet-d4096,4096,rerank,2000,0.0302,0.0312,0.0313,0.0319,1365,run_matryoshka.py,"Matryoshka triplet max_pos=30 emb=4096 prefixes=[1024, 2048, 4096]; truncated+renorm; 120 threads efSearch=200 eval2k n=2000"
2026-06-17,train80,Matryoshka-infonce-d1024,1024,base,,0.5449,0.6294,0.6635,0.7237,2051,run_matryoshka.py,"Matryoshka infonce max_pos=256 emb=4096 prefixes=[1024, 2048, 4096]; truncated+renorm; 120 threads efSearch=200 eval20 n=8934"
2026-06-17,train80,Matryoshka-infonce-d1024,1024,rerank,1000,0.9904,0.9902,0.9848,0.8552,966,run_matryoshka.py,"Matryoshka infonce max_pos=256 emb=4096 prefixes=[1024, 2048, 4096]; truncated+renorm; 120 threads efSearch=200 eval20 n=8934"
2026-06-17,train80,Matryoshka-infonce-d1024,1024,rerank,2000,0.9904,0.9908,0.986,0.8669,584,run_matryoshka.py,"Matryoshka infonce max_pos=256 emb=4096 prefixes=[1024, 2048, 4096]; truncated+renorm; 120 threads efSearch=200 eval20 n=8934"
2026-06-17,train80,Matryoshka-infonce-d2048,2048,base,,0.5506,0.6348,0.6684,0.7269,1522,run_matryoshka.py,"Matryoshka infonce max_pos=256 emb=4096 prefixes=[1024, 2048, 4096]; truncated+renorm; 120 threads efSearch=200 eval20 n=8934"
2026-06-17,train80,Matryoshka-infonce-d2048,2048,rerank,1000,0.9901,0.9902,0.985,0.8566,723,run_matryoshka.py,"Matryoshka infonce max_pos=256 emb=4096 prefixes=[1024, 2048, 4096]; truncated+renorm; 120 threads efSearch=200 eval20 n=8934"
2026-06-17,train80,Matryoshka-infonce-d2048,2048,rerank,2000,0.9905,0.991,0.9865,0.8679,604,run_matryoshka.py,"Matryoshka infonce max_pos=256 emb=4096 prefixes=[1024, 2048, 4096]; truncated+renorm; 120 threads efSearch=200 eval20 n=8934"
2026-06-17,train80,Matryoshka-infonce-d4096,4096,base,,0.5532,0.6375,0.6707,0.7286,1447,run_matryoshka.py,"Matryoshka infonce max_pos=256 emb=4096 prefixes=[1024, 2048, 4096]; truncated+renorm; 120 threads efSearch=200 eval20 n=8934"
2026-06-17,train80,Matryoshka-infonce-d4096,4096,rerank,1000,0.9901,0.9903,0.9852,0.8568,684,run_matryoshka.py,"Matryoshka infonce max_pos=256 emb=4096 prefixes=[1024, 2048, 4096]; truncated+renorm; 120 threads efSearch=200 eval20 n=8934"
2026-06-17,train80,Matryoshka-infonce-d4096,4096,rerank,2000,0.9903,0.9908,0.9863,0.8676,622,run_matryoshka.py,"Matryoshka infonce max_pos=256 emb=4096 prefixes=[1024, 2048, 4096]; truncated+renorm; 120 threads efSearch=200 eval20 n=8934"
2026-06-18,47k_qonly,Distill47K-d256,256,base,,,0.6203,,0.7043,4445,run_distill_47k_ddp.py,"47K queries-only distill DDP (corpus=37403 query=9351) WJ-native prefixes=[256, 512, 1024, 2048, 4096]; official GT"
2026-06-18,47k_qonly,Distill47K-d256,256,rerank,500,,0.6636,,0.7042,1547,run_distill_47k_ddp.py,"47K queries-only distill DDP (corpus=37403 query=9351) WJ-native prefixes=[256, 512, 1024, 2048, 4096]; official GT"
2026-06-18,47k_qonly,Distill47K-d256,256,rerank,1000,,0.6646,,0.7192,1292,run_distill_47k_ddp.py,"47K queries-only distill DDP (corpus=37403 query=9351) WJ-native prefixes=[256, 512, 1024, 2048, 4096]; official GT"
2026-06-18,47k_qonly,Distill47K-d512,512,base,,,0.6239,,0.7064,3345,run_distill_47k_ddp.py,"47K queries-only distill DDP (corpus=37403 query=9351) WJ-native prefixes=[256, 512, 1024, 2048, 4096]; official GT"
2026-06-18,47k_qonly,Distill47K-d512,512,rerank,500,,0.664,,0.7063,2010,run_distill_47k_ddp.py,"47K queries-only distill DDP (corpus=37403 query=9351) WJ-native prefixes=[256, 512, 1024, 2048, 4096]; official GT"
2026-06-18,47k_qonly,Distill47K-d512,512,rerank,1000,,0.6647,,0.7199,909,run_distill_47k_ddp.py,"47K queries-only distill DDP (corpus=37403 query=9351) WJ-native prefixes=[256, 512, 1024, 2048, 4096]; official GT"
2026-06-18,47k_qonly,Distill47K-d1024,1024,base,,,0.6262,,0.7074,2005,run_distill_47k_ddp.py,"47K queries-only distill DDP (corpus=37403 query=9351) WJ-native prefixes=[256, 512, 1024, 2048, 4096]; official GT"
2026-06-18,47k_qonly,Distill47K-d1024,1024,rerank,500,,0.6641,,0.7074,1741,run_distill_47k_ddp.py,"47K queries-only distill DDP (corpus=37403 query=9351) WJ-native prefixes=[256, 512, 1024, 2048, 4096]; official GT"
2026-06-18,47k_qonly,Distill47K-d1024,1024,rerank,1000,,0.6646,,0.7196,878,run_distill_47k_ddp.py,"47K queries-only distill DDP (corpus=37403 query=9351) WJ-native prefixes=[256, 512, 1024, 2048, 4096]; official GT"
2026-06-18,47k_qonly,Distill47K-d2048,2048,base,,,0.6273,,0.7077,2595,run_distill_47k_ddp.py,"47K queries-only distill DDP (corpus=37403 query=9351) WJ-native prefixes=[256, 512, 1024, 2048, 4096]; official GT"
2026-06-18,47k_qonly,Distill47K-d2048,2048,rerank,500,,0.6639,,0.7077,1552,run_distill_47k_ddp.py,"47K queries-only distill DDP (corpus=37403 query=9351) WJ-native prefixes=[256, 512, 1024, 2048, 4096]; official GT"
2026-06-18,47k_qonly,Distill47K-d2048,2048,rerank,1000,,0.6646,,0.7193,1055,run_distill_47k_ddp.py,"47K queries-only distill DDP (corpus=37403 query=9351) WJ-native prefixes=[256, 512, 1024, 2048, 4096]; official GT"
2026-06-18,47k_qonly,Distill47K-d4096,4096,base,,,0.6269,,0.7075,1779,run_distill_47k_ddp.py,"47K queries-only distill DDP (corpus=37403 query=9351) WJ-native prefixes=[256, 512, 1024, 2048, 4096]; official GT"
2026-06-18,47k_qonly,Distill47K-d4096,4096,rerank,500,,0.6639,,0.7075,1390,run_distill_47k_ddp.py,"47K queries-only distill DDP (corpus=37403 query=9351) WJ-native prefixes=[256, 512, 1024, 2048, 4096]; official GT"
2026-06-18,47k_qonly,Distill47K-d4096,4096,rerank,1000,,0.6646,,0.719,949,run_distill_47k_ddp.py,"47K queries-only distill DDP (corpus=37403 query=9351) WJ-native prefixes=[256, 512, 1024, 2048, 4096]; official GT"
2026-06-18,47k_qonly,Distill47K-d256,256,base,,,0.7424,,0.8455,6072,run_distill_47k_ddp.py,"47K queries-only distill DDP (corpus=37403 query=9351) WJ-native prefixes=[256, 512, 1024, 2048, 4096]; official GT"
2026-06-18,47k_qonly,Distill47K-d256,256,rerank,500,,0.989,,0.8456,1960,run_distill_47k_ddp.py,"47K queries-only distill DDP (corpus=37403 query=9351) WJ-native prefixes=[256, 512, 1024, 2048, 4096]; official GT"
2026-06-18,47k_qonly,Distill47K-d256,256,rerank,1000,,0.9931,,0.9214,1597,run_distill_47k_ddp.py,"47K queries-only distill DDP (corpus=37403 query=9351) WJ-native prefixes=[256, 512, 1024, 2048, 4096]; official GT"
2026-06-18,47k_qonly,Distill47K-d512,512,base,,,0.7496,,0.8505,3147,run_distill_47k_ddp.py,"47K queries-only distill DDP (corpus=37403 query=9351) WJ-native prefixes=[256, 512, 1024, 2048, 4096]; official GT"
2026-06-18,47k_qonly,Distill47K-d512,512,rerank,500,,0.9896,,0.8505,1972,run_distill_47k_ddp.py,"47K queries-only distill DDP (corpus=37403 query=9351) WJ-native prefixes=[256, 512, 1024, 2048, 4096]; official GT"
2026-06-18,47k_qonly,Distill47K-d512,512,rerank,1000,,0.9934,,0.9214,1002,run_distill_47k_ddp.py,"47K queries-only distill DDP (corpus=37403 query=9351) WJ-native prefixes=[256, 512, 1024, 2048, 4096]; official GT"
2026-06-18,47k_qonly,Distill47K-d1024,1024,base,,,0.7546,,0.854,1976,run_distill_47k_ddp.py,"47K queries-only distill DDP (corpus=37403 query=9351) WJ-native prefixes=[256, 512, 1024, 2048, 4096]; official GT"
2026-06-18,47k_qonly,Distill47K-d1024,1024,rerank,500,,0.9901,,0.8539,1438,run_distill_47k_ddp.py,"47K queries-only distill DDP (corpus=37403 query=9351) WJ-native prefixes=[256, 512, 1024, 2048, 4096]; official GT"
2026-06-18,47k_qonly,Distill47K-d1024,1024,rerank,1000,,0.9937,,0.922,1043,run_distill_47k_ddp.py,"47K queries-only distill DDP (corpus=37403 query=9351) WJ-native prefixes=[256, 512, 1024, 2048, 4096]; official GT"
2026-06-18,47k_qonly,Distill47K-d2048,2048,base,,,0.7574,,0.8553,1296,run_distill_47k_ddp.py,"47K queries-only distill DDP (corpus=37403 query=9351) WJ-native prefixes=[256, 512, 1024, 2048, 4096]; official GT"
2026-06-18,47k_qonly,Distill47K-d2048,2048,rerank,500,,0.9904,,0.8552,902,run_distill_47k_ddp.py,"47K queries-only distill DDP (corpus=37403 query=9351) WJ-native prefixes=[256, 512, 1024, 2048, 4096]; official GT"
2026-06-18,47k_qonly,Distill47K-d2048,2048,rerank,1000,,0.9938,,0.9211,839,run_distill_47k_ddp.py,"47K queries-only distill DDP (corpus=37403 query=9351) WJ-native prefixes=[256, 512, 1024, 2048, 4096]; official GT"
2026-06-18,47k_qonly,Distill47K-d4096,4096,base,,,0.7562,,0.8541,1154,run_distill_47k_ddp.py,"47K queries-only distill DDP (corpus=37403 query=9351) WJ-native prefixes=[256, 512, 1024, 2048, 4096]; official GT"
2026-06-18,47k_qonly,Distill47K-d4096,4096,rerank,500,,0.9906,,0.8541,926,run_distill_47k_ddp.py,"47K queries-only distill DDP (corpus=37403 query=9351) WJ-native prefixes=[256, 512, 1024, 2048, 4096]; official GT"
2026-06-18,47k_qonly,Distill47K-d4096,4096,rerank,1000,,0.9939,,0.9194,699,run_distill_47k_ddp.py,"47K queries-only distill DDP (corpus=37403 query=9351) WJ-native prefixes=[256, 512, 1024, 2048, 4096]; official GT"
2026-06-18,full,MatDistillDDP-d256,256,base,,0.7104,0.7888,0.8208,0.8856,2492,run_matdistill_full_ddp.py,"MatDistill-DDP full eval20 n=8934 prefixes=[256, 512, 1024, 2048, 4096]; RAW-WJ target; efSearch=200"
2026-06-18,full,MatDistillDDP-d256,256,rerank,1000,0.9925,0.9954,0.996,0.964,1030,run_matdistill_full_ddp.py,"MatDistill-DDP full eval20 n=8934 prefixes=[256, 512, 1024, 2048, 4096]; RAW-WJ target; efSearch=200"
2026-06-18,full,MatDistillDDP-d256,256,rerank,2000,0.9926,0.9954,0.996,0.9648,875,run_matdistill_full_ddp.py,"MatDistill-DDP full eval20 n=8934 prefixes=[256, 512, 1024, 2048, 4096]; RAW-WJ target; efSearch=200"
2026-06-18,full,MatDistillDDP-d512,512,base,,0.7197,0.7976,0.8288,0.8905,1969,run_matdistill_full_ddp.py,"MatDistill-DDP full eval20 n=8934 prefixes=[256, 512, 1024, 2048, 4096]; RAW-WJ target; efSearch=200"
2026-06-18,full,MatDistillDDP-d512,512,rerank,1000,0.9924,0.9954,0.996,0.9645,1105,run_matdistill_full_ddp.py,"MatDistill-DDP full eval20 n=8934 prefixes=[256, 512, 1024, 2048, 4096]; RAW-WJ target; efSearch=200"
2026-06-18,full,MatDistillDDP-d512,512,rerank,2000,0.9924,0.9954,0.996,0.9652,824,run_matdistill_full_ddp.py,"MatDistill-DDP full eval20 n=8934 prefixes=[256, 512, 1024, 2048, 4096]; RAW-WJ target; efSearch=200"
2026-06-18,full,MatDistillDDP-d1024,1024,base,,0.7228,0.8012,0.8321,0.8925,1620,run_matdistill_full_ddp.py,"MatDistill-DDP full eval20 n=8934 prefixes=[256, 512, 1024, 2048, 4096]; RAW-WJ target; efSearch=200"
2026-06-18,full,MatDistillDDP-d1024,1024,rerank,1000,0.9924,0.9954,0.996,0.9649,978,run_matdistill_full_ddp.py,"MatDistill-DDP full eval20 n=8934 prefixes=[256, 512, 1024, 2048, 4096]; RAW-WJ target; efSearch=200"
2026-06-18,full,MatDistillDDP-d1024,1024,rerank,2000,0.9925,0.9954,0.996,0.9654,748,run_matdistill_full_ddp.py,"MatDistill-DDP full eval20 n=8934 prefixes=[256, 512, 1024, 2048, 4096]; RAW-WJ target; efSearch=200"
2026-06-18,full,MatDistillDDP-d2048,2048,base,,0.7242,0.8026,0.8335,0.8934,1318,run_matdistill_full_ddp.py,"MatDistill-DDP full eval20 n=8934 prefixes=[256, 512, 1024, 2048, 4096]; RAW-WJ target; efSearch=200"
2026-06-18,full,MatDistillDDP-d2048,2048,rerank,1000,0.9925,0.9954,0.996,0.9646,948,run_matdistill_full_ddp.py,"MatDistill-DDP full eval20 n=8934 prefixes=[256, 512, 1024, 2048, 4096]; RAW-WJ target; efSearch=200"
2026-06-18,full,MatDistillDDP-d2048,2048,rerank,2000,0.9925,0.9954,0.9961,0.9653,600,run_matdistill_full_ddp.py,"MatDistill-DDP full eval20 n=8934 prefixes=[256, 512, 1024, 2048, 4096]; RAW-WJ target; efSearch=200"
2026-06-18,full,MatDistillDDP-d4096,4096,base,,0.7211,0.7999,0.8311,0.8919,1197,run_matdistill_full_ddp.py,"MatDistill-DDP full eval20 n=8934 prefixes=[256, 512, 1024, 2048, 4096]; RAW-WJ target; efSearch=200"
2026-06-18,full,MatDistillDDP-d4096,4096,rerank,1000,0.9922,0.9952,0.9958,0.9637,864,run_matdistill_full_ddp.py,"MatDistill-DDP full eval20 n=8934 prefixes=[256, 512, 1024, 2048, 4096]; RAW-WJ target; efSearch=200"
2026-06-18,full,MatDistillDDP-d4096,4096,rerank,2000,0.9925,0.9953,0.9959,0.9644,654,run_matdistill_full_ddp.py,"MatDistill-DDP full eval20 n=8934 prefixes=[256, 512, 1024, 2048, 4096]; RAW-WJ target; efSearch=200"
2026-06-18,10k,MatDistill10K-d256,256,base,,0.8395,0.9264,0.9543,0.9932,20777,eval_matdistill_10k.py,"MatDistill 10K eval prefixes=[256, 512, 1024, 2048, 4096]; RAW-WJ target; efSearch=200"
2026-06-18,10k,MatDistill10K-d256,256,rerank,500,0.9966,0.9986,0.9989,0.9932,3674,eval_matdistill_10k.py,"MatDistill 10K eval prefixes=[256, 512, 1024, 2048, 4096]; RAW-WJ target; efSearch=200"
2026-06-18,10k,MatDistill10K-d256,256,rerank,1000,0.9966,0.9986,0.9989,0.9958,1836,eval_matdistill_10k.py,"MatDistill 10K eval prefixes=[256, 512, 1024, 2048, 4096]; RAW-WJ target; efSearch=200"
2026-06-18,10k,MatDistill10K-d512,512,base,,0.8437,0.9298,0.9567,0.9935,14552,eval_matdistill_10k.py,"MatDistill 10K eval prefixes=[256, 512, 1024, 2048, 4096]; RAW-WJ target; efSearch=200"
2026-06-18,10k,MatDistill10K-d512,512,rerank,500,0.9966,0.9986,0.9989,0.9935,3628,eval_matdistill_10k.py,"MatDistill 10K eval prefixes=[256, 512, 1024, 2048, 4096]; RAW-WJ target; efSearch=200"
2026-06-18,10k,MatDistill10K-d512,512,rerank,1000,0.9966,0.9986,0.9989,0.9958,1685,eval_matdistill_10k.py,"MatDistill 10K eval prefixes=[256, 512, 1024, 2048, 4096]; RAW-WJ target; efSearch=200"
2026-06-18,10k,MatDistill10K-d1024,1024,base,,0.845,0.9312,0.9576,0.9936,5636,eval_matdistill_10k.py,"MatDistill 10K eval prefixes=[256, 512, 1024, 2048, 4096]; RAW-WJ target; efSearch=200"
2026-06-18,10k,MatDistill10K-d1024,1024,rerank,500,0.9966,0.9986,0.9989,0.9936,2666,eval_matdistill_10k.py,"MatDistill 10K eval prefixes=[256, 512, 1024, 2048, 4096]; RAW-WJ target; efSearch=200"
2026-06-18,10k,MatDistill10K-d1024,1024,rerank,1000,0.9966,0.9986,0.9989,0.9959,1514,eval_matdistill_10k.py,"MatDistill 10K eval prefixes=[256, 512, 1024, 2048, 4096]; RAW-WJ target; efSearch=200"
2026-06-18,10k,MatDistill10K-d2048,2048,base,,0.8459,0.9315,0.9578,0.9936,2284,eval_matdistill_10k.py,"MatDistill 10K eval prefixes=[256, 512, 1024, 2048, 4096]; RAW-WJ target; efSearch=200"
2026-06-18,10k,MatDistill10K-d2048,2048,rerank,500,0.9966,0.9986,0.9989,0.9936,1439,eval_matdistill_10k.py,"MatDistill 10K eval prefixes=[256, 512, 1024, 2048, 4096]; RAW-WJ target; efSearch=200"
2026-06-18,10k,MatDistill10K-d2048,2048,rerank,1000,0.9966,0.9986,0.9989,0.9959,1050,eval_matdistill_10k.py,"MatDistill 10K eval prefixes=[256, 512, 1024, 2048, 4096]; RAW-WJ target; efSearch=200"
2026-06-18,10k,MatDistill10K-d4096,4096,base,,0.8437,0.9299,0.957,0.9934,1319,eval_matdistill_10k.py,"MatDistill 10K eval prefixes=[256, 512, 1024, 2048, 4096]; RAW-WJ target; efSearch=200"
2026-06-18,10k,MatDistill10K-d4096,4096,rerank,500,0.9966,0.9986,0.9989,0.9935,948,eval_matdistill_10k.py,"MatDistill 10K eval prefixes=[256, 512, 1024, 2048, 4096]; RAW-WJ target; efSearch=200"
2026-06-18,10k,MatDistill10K-d4096,4096,rerank,1000,0.9966,0.9986,0.9989,0.9957,708,eval_matdistill_10k.py,"MatDistill 10K eval prefixes=[256, 512, 1024, 2048, 4096]; RAW-WJ target; efSearch=200"
2026-06-18,train80,Matryoshka-triplet-d256,256,base,,0.4846,0.5654,0.5911,0.6157,1378,run_matryoshka.py,"Matryoshka triplet max_pos=30 emb=4096 prefixes=[256, 512, 1024, 2048, 4096]; truncated+renorm; 120 threads efSearch=200 eval20 n=8934"
2026-06-18,train80,Matryoshka-triplet-d256,256,rerank,1000,0.9852,0.9722,0.9487,0.7466,1062,run_matryoshka.py,"Matryoshka triplet max_pos=30 emb=4096 prefixes=[256, 512, 1024, 2048, 4096]; truncated+renorm; 120 threads efSearch=200 eval20 n=8934"
2026-06-18,train80,Matryoshka-triplet-d256,256,rerank,2000,0.9877,0.9803,0.9649,0.8155,681,run_matryoshka.py,"Matryoshka triplet max_pos=30 emb=4096 prefixes=[256, 512, 1024, 2048, 4096]; truncated+renorm; 120 threads efSearch=200 eval20 n=8934"
2026-06-18,train80,Matryoshka-triplet-d512,512,base,,0.5,0.5806,0.6073,0.6451,1443,run_matryoshka.py,"Matryoshka triplet max_pos=30 emb=4096 prefixes=[256, 512, 1024, 2048, 4096]; truncated+renorm; 120 threads efSearch=200 eval20 n=8934"
2026-06-18,train80,Matryoshka-triplet-d512,512,rerank,1000,0.9877,0.9786,0.9602,0.7773,997,run_matryoshka.py,"Matryoshka triplet max_pos=30 emb=4096 prefixes=[256, 512, 1024, 2048, 4096]; truncated+renorm; 120 threads efSearch=200 eval20 n=8934"
2026-06-18,train80,Matryoshka-triplet-d512,512,rerank,2000,0.9892,0.984,0.9713,0.8313,656,run_matryoshka.py,"Matryoshka triplet max_pos=30 emb=4096 prefixes=[256, 512, 1024, 2048, 4096]; truncated+renorm; 120 threads efSearch=200 eval20 n=8934"
2026-06-18,train80,Matryoshka-triplet-d1024,1024,base,,0.5114,0.5905,0.6175,0.6615,1040,run_matryoshka.py,"Matryoshka triplet max_pos=30 emb=4096 prefixes=[256, 512, 1024, 2048, 4096]; truncated+renorm; 120 threads efSearch=200 eval20 n=8934"
2026-06-18,train80,Matryoshka-triplet-d1024,1024,rerank,1000,0.9885,0.982,0.9661,0.7951,921,run_matryoshka.py,"Matryoshka triplet max_pos=30 emb=4096 prefixes=[256, 512, 1024, 2048, 4096]; truncated+renorm; 120 threads efSearch=200 eval20 n=8934"
2026-06-18,train80,Matryoshka-triplet-d1024,1024,rerank,2000,0.9893,0.9855,0.974,0.8394,618,run_matryoshka.py,"Matryoshka triplet max_pos=30 emb=4096 prefixes=[256, 512, 1024, 2048, 4096]; truncated+renorm; 120 threads efSearch=200 eval20 n=8934"
2026-06-18,train80,Matryoshka-triplet-d2048,2048,base,,0.5184,0.5971,0.6243,0.6716,1124,run_matryoshka.py,"Matryoshka triplet max_pos=30 emb=4096 prefixes=[256, 512, 1024, 2048, 4096]; truncated+renorm; 120 threads efSearch=200 eval20 n=8934"
2026-06-18,train80,Matryoshka-triplet-d2048,2048,rerank,1000,0.9889,0.9838,0.9693,0.8056,898,run_matryoshka.py,"Matryoshka triplet max_pos=30 emb=4096 prefixes=[256, 512, 1024, 2048, 4096]; truncated+renorm; 120 threads efSearch=200 eval20 n=8934"
2026-06-18,train80,Matryoshka-triplet-d2048,2048,rerank,2000,0.9899,0.9867,0.9757,0.8431,573,run_matryoshka.py,"Matryoshka triplet max_pos=30 emb=4096 prefixes=[256, 512, 1024, 2048, 4096]; truncated+renorm; 120 threads efSearch=200 eval20 n=8934"
2026-06-18,train80,Matryoshka-triplet-d4096,4096,base,,0.5215,0.6015,0.6287,0.6782,1010,run_matryoshka.py,"Matryoshka triplet max_pos=30 emb=4096 prefixes=[256, 512, 1024, 2048, 4096]; truncated+renorm; 120 threads efSearch=200 eval20 n=8934"
2026-06-18,train80,Matryoshka-triplet-d4096,4096,rerank,1000,0.9893,0.9847,0.9712,0.8127,814,run_matryoshka.py,"Matryoshka triplet max_pos=30 emb=4096 prefixes=[256, 512, 1024, 2048, 4096]; truncated+renorm; 120 threads efSearch=200 eval20 n=8934"
2026-06-18,train80,Matryoshka-triplet-d4096,4096,rerank,2000,0.9901,0.9871,0.9765,0.8454,511,run_matryoshka.py,"Matryoshka triplet max_pos=30 emb=4096 prefixes=[256, 512, 1024, 2048, 4096]; truncated+renorm; 120 threads efSearch=200 eval20 n=8934"
2026-06-18,train80,MatDDP-infonce-d256,256,base,,0.5854,0.6676,0.701,0.7651,2400,run_matryoshka_ddp.py,"Matryoshka-DDP infonce eval20 n=8934 prefixes=[256, 512, 1024, 2048, 4096]; efSearch=200"
2026-06-18,train80,MatDDP-infonce-d256,256,rerank,1000,0.9916,0.9931,0.9909,0.9007,1268,run_matryoshka_ddp.py,"Matryoshka-DDP infonce eval20 n=8934 prefixes=[256, 512, 1024, 2048, 4096]; efSearch=200"
2026-06-18,train80,MatDDP-infonce-d256,256,rerank,2000,0.9917,0.9934,0.9915,0.9099,963,run_matryoshka_ddp.py,"Matryoshka-DDP infonce eval20 n=8934 prefixes=[256, 512, 1024, 2048, 4096]; efSearch=200"
2026-06-18,train80,MatDDP-infonce-d512,512,base,,0.5956,0.6764,0.7095,0.7706,2003,run_matryoshka_ddp.py,"Matryoshka-DDP infonce eval20 n=8934 prefixes=[256, 512, 1024, 2048, 4096]; efSearch=200"
2026-06-18,train80,MatDDP-infonce-d512,512,rerank,1000,0.9918,0.9934,0.9915,0.9014,1004,run_matryoshka_ddp.py,"Matryoshka-DDP infonce eval20 n=8934 prefixes=[256, 512, 1024, 2048, 4096]; efSearch=200"
2026-06-18,train80,MatDDP-infonce-d512,512,rerank,2000,0.9919,0.9936,0.9919,0.9092,872,run_matryoshka_ddp.py,"Matryoshka-DDP infonce eval20 n=8934 prefixes=[256, 512, 1024, 2048, 4096]; efSearch=200"
2026-06-18,train80,MatDDP-infonce-d1024,1024,base,,0.6013,0.6819,0.7136,0.7731,1281,run_matryoshka_ddp.py,"Matryoshka-DDP infonce eval20 n=8934 prefixes=[256, 512, 1024, 2048, 4096]; efSearch=200"
2026-06-18,train80,MatDDP-infonce-d1024,1024,rerank,1000,0.9919,0.9936,0.9916,0.9018,991,run_matryoshka_ddp.py,"Matryoshka-DDP infonce eval20 n=8934 prefixes=[256, 512, 1024, 2048, 4096]; efSearch=200"
2026-06-18,train80,MatDDP-infonce-d1024,1024,rerank,2000,0.992,0.9938,0.992,0.9088,826,run_matryoshka_ddp.py,"Matryoshka-DDP infonce eval20 n=8934 prefixes=[256, 512, 1024, 2048, 4096]; efSearch=200"
2026-06-18,train80,MatDDP-infonce-d2048,2048,base,,0.6046,0.6848,0.7161,0.7749,1527,run_matryoshka_ddp.py,"Matryoshka-DDP infonce eval20 n=8934 prefixes=[256, 512, 1024, 2048, 4096]; efSearch=200"
2026-06-18,train80,MatDDP-infonce-d2048,2048,rerank,1000,0.9918,0.9935,0.9915,0.9017,1010,run_matryoshka_ddp.py,"Matryoshka-DDP infonce eval20 n=8934 prefixes=[256, 512, 1024, 2048, 4096]; efSearch=200"
2026-06-18,train80,MatDDP-infonce-d2048,2048,rerank,2000,0.9918,0.9936,0.9919,0.9084,704,run_matryoshka_ddp.py,"Matryoshka-DDP infonce eval20 n=8934 prefixes=[256, 512, 1024, 2048, 4096]; efSearch=200"
2026-06-18,train80,MatDDP-infonce-d4096,4096,base,,0.6059,0.6865,0.7176,0.7756,1414,run_matryoshka_ddp.py,"Matryoshka-DDP infonce eval20 n=8934 prefixes=[256, 512, 1024, 2048, 4096]; efSearch=200"
2026-06-18,train80,MatDDP-infonce-d4096,4096,rerank,1000,0.9919,0.9936,0.9917,0.9022,897,run_matryoshka_ddp.py,"Matryoshka-DDP infonce eval20 n=8934 prefixes=[256, 512, 1024, 2048, 4096]; efSearch=200"
2026-06-18,train80,MatDDP-infonce-d4096,4096,rerank,2000,0.992,0.9938,0.992,0.9087,696,run_matryoshka_ddp.py,"Matryoshka-DDP infonce eval20 n=8934 prefixes=[256, 512, 1024, 2048, 4096]; efSearch=200"
2026-06-18,full_allq,MatDistillFull-d256,256,base,,0.7202,0.7973,0.828,0.8898,2136,run_matdistill_fulleval_ddp.py,"MatDistill full-eval ALL 46754 queries, corpus-trained, prefixes=[256, 512, 1024, 2048, 4096]; raw-WJ GT; efSearch=200"
2026-06-18,full_allq,MatDistillFull-d256,256,rerank,1000,0.9926,0.9954,0.9962,0.9659,1166,run_matdistill_fulleval_ddp.py,"MatDistill full-eval ALL 46754 queries, corpus-trained, prefixes=[256, 512, 1024, 2048, 4096]; raw-WJ GT; efSearch=200"
2026-06-18,full_allq,MatDistillFull-d256,256,rerank,2000,0.9927,0.9954,0.9962,0.9667,786,run_matdistill_fulleval_ddp.py,"MatDistill full-eval ALL 46754 queries, corpus-trained, prefixes=[256, 512, 1024, 2048, 4096]; raw-WJ GT; efSearch=200"
2026-06-18,full_allq,MatDistillFull-d512,512,base,,0.7302,0.8061,0.8356,0.8944,1451,run_matdistill_fulleval_ddp.py,"MatDistill full-eval ALL 46754 queries, corpus-trained, prefixes=[256, 512, 1024, 2048, 4096]; raw-WJ GT; efSearch=200"
2026-06-18,full_allq,MatDistillFull-d512,512,rerank,1000,0.9926,0.9954,0.9962,0.9663,985,run_matdistill_fulleval_ddp.py,"MatDistill full-eval ALL 46754 queries, corpus-trained, prefixes=[256, 512, 1024, 2048, 4096]; raw-WJ GT; efSearch=200"
2026-06-18,full_allq,MatDistillFull-d512,512,rerank,2000,0.9926,0.9954,0.9962,0.9668,689,run_matdistill_fulleval_ddp.py,"MatDistill full-eval ALL 46754 queries, corpus-trained, prefixes=[256, 512, 1024, 2048, 4096]; raw-WJ GT; efSearch=200"
2026-06-18,full_allq,MatDistillFull-d1024,1024,base,,0.737,0.8119,0.8411,0.8976,1489,run_matdistill_fulleval_ddp.py,"MatDistill full-eval ALL 46754 queries, corpus-trained, prefixes=[256, 512, 1024, 2048, 4096]; raw-WJ GT; efSearch=200"
2026-06-18,full_allq,MatDistillFull-d1024,1024,rerank,1000,0.9926,0.9954,0.9962,0.9667,998,run_matdistill_fulleval_ddp.py,"MatDistill full-eval ALL 46754 queries, corpus-trained, prefixes=[256, 512, 1024, 2048, 4096]; raw-WJ GT; efSearch=200"
2026-06-18,full_allq,MatDistillFull-d1024,1024,rerank,2000,0.9927,0.9954,0.9963,0.9672,730,run_matdistill_fulleval_ddp.py,"MatDistill full-eval ALL 46754 queries, corpus-trained, prefixes=[256, 512, 1024, 2048, 4096]; raw-WJ GT; efSearch=200"
2026-06-18,full_allq,MatDistillFull-d2048,2048,base,,0.7407,0.8149,0.8435,0.8992,1390,run_matdistill_fulleval_ddp.py,"MatDistill full-eval ALL 46754 queries, corpus-trained, prefixes=[256, 512, 1024, 2048, 4096]; raw-WJ GT; efSearch=200"
2026-06-18,full_allq,MatDistillFull-d2048,2048,rerank,1000,0.9927,0.9954,0.9963,0.9669,988,run_matdistill_fulleval_ddp.py,"MatDistill full-eval ALL 46754 queries, corpus-trained, prefixes=[256, 512, 1024, 2048, 4096]; raw-WJ GT; efSearch=200"
2026-06-18,full_allq,MatDistillFull-d2048,2048,rerank,2000,0.9927,0.9954,0.9963,0.9674,669,run_matdistill_fulleval_ddp.py,"MatDistill full-eval ALL 46754 queries, corpus-trained, prefixes=[256, 512, 1024, 2048, 4096]; raw-WJ GT; efSearch=200"
2026-06-18,full_allq,MatDistillFull-d4096,4096,base,,0.7397,0.8139,0.8426,0.8986,1168,run_matdistill_fulleval_ddp.py,"MatDistill full-eval ALL 46754 queries, corpus-trained, prefixes=[256, 512, 1024, 2048, 4096]; raw-WJ GT; efSearch=200"
2026-06-18,full_allq,MatDistillFull-d4096,4096,rerank,1000,0.9927,0.9954,0.9963,0.9665,797,run_matdistill_fulleval_ddp.py,"MatDistill full-eval ALL 46754 queries, corpus-trained, prefixes=[256, 512, 1024, 2048, 4096]; raw-WJ GT; efSearch=200"
2026-06-18,full_allq,MatDistillFull-d4096,4096,rerank,2000,0.9926,0.9954,0.9962,0.9669,631,run_matdistill_fulleval_ddp.py,"MatDistill full-eval ALL 46754 queries, corpus-trained, prefixes=[256, 512, 1024, 2048, 4096]; raw-WJ GT; efSearch=200"
2026-06-18,pk50k,50k-distill-d256,256,base,,0.6924,0.7943,0.8362,0.924,6772,run_50k_ddp.py,"pk-real50k0.002 distill corpus-trained, eval held-out queries; raw-WJ; efSearch=200"
2026-06-18,pk50k,50k-distill-d256,256,rerank,1000,0.9951,0.9972,0.9977,0.9755,1567,run_50k_ddp.py,"pk-real50k0.002 distill corpus-trained, eval held-out queries; raw-WJ; efSearch=200"
2026-06-18,pk50k,50k-distill-d256,256,rerank,2000,0.9951,0.9972,0.9978,0.9757,1253,run_50k_ddp.py,"pk-real50k0.002 distill corpus-trained, eval held-out queries; raw-WJ; efSearch=200"
2026-06-18,pk50k,50k-distill-d512,512,base,,0.6968,0.7993,0.8399,0.9259,3111,run_50k_ddp.py,"pk-real50k0.002 distill corpus-trained, eval held-out queries; raw-WJ; efSearch=200"
2026-06-18,pk50k,50k-distill-d512,512,rerank,1000,0.9952,0.9972,0.9978,0.9754,1220,run_50k_ddp.py,"pk-real50k0.002 distill corpus-trained, eval held-out queries; raw-WJ; efSearch=200"
2026-06-18,pk50k,50k-distill-d512,512,rerank,2000,0.9951,0.9972,0.9978,0.9754,981,run_50k_ddp.py,"pk-real50k0.002 distill corpus-trained, eval held-out queries; raw-WJ; efSearch=200"
2026-06-18,pk50k,50k-distill-d1024,1024,base,,0.6983,0.7995,0.8406,0.9263,2258,run_50k_ddp.py,"pk-real50k0.002 distill corpus-trained, eval held-out queries; raw-WJ; efSearch=200"
2026-06-18,pk50k,50k-distill-d1024,1024,rerank,1000,0.9952,0.9972,0.9978,0.9748,1065,run_50k_ddp.py,"pk-real50k0.002 distill corpus-trained, eval held-out queries; raw-WJ; efSearch=200"
2026-06-18,pk50k,50k-distill-d1024,1024,rerank,2000,0.9952,0.9972,0.9978,0.9748,857,run_50k_ddp.py,"pk-real50k0.002 distill corpus-trained, eval held-out queries; raw-WJ; efSearch=200"
2026-06-18,pk50k,50k-distill-d2048,2048,base,,0.6973,0.7991,0.8403,0.926,1180,run_50k_ddp.py,"pk-real50k0.002 distill corpus-trained, eval held-out queries; raw-WJ; efSearch=200"
2026-06-18,pk50k,50k-distill-d2048,2048,rerank,1000,0.9951,0.9972,0.9977,0.9743,792,run_50k_ddp.py,"pk-real50k0.002 distill corpus-trained, eval held-out queries; raw-WJ; efSearch=200"
2026-06-18,pk50k,50k-distill-d2048,2048,rerank,2000,0.9951,0.9972,0.9977,0.9745,707,run_50k_ddp.py,"pk-real50k0.002 distill corpus-trained, eval held-out queries; raw-WJ; efSearch=200"
2026-06-18,pk50k,50k-distill-d4096,4096,base,,0.6928,0.7958,0.8377,0.9248,967,run_50k_ddp.py,"pk-real50k0.002 distill corpus-trained, eval held-out queries; raw-WJ; efSearch=200"
2026-06-18,pk50k,50k-distill-d4096,4096,rerank,1000,0.9952,0.9972,0.9977,0.9734,700,run_50k_ddp.py,"pk-real50k0.002 distill corpus-trained, eval held-out queries; raw-WJ; efSearch=200"
2026-06-18,pk50k,50k-distill-d4096,4096,rerank,2000,0.9952,0.9972,0.9977,0.9735,629,run_50k_ddp.py,"pk-real50k0.002 distill corpus-trained, eval held-out queries; raw-WJ; efSearch=200"
2026-06-19,pk50k,50k-triplet-d256,256,base,,0.4935,0.6005,0.6436,0.7251,3810,run_50k_ddp.py,"pk-real50k0.002 triplet corpus-trained, eval held-out queries; raw-WJ; efSearch=200"
2026-06-19,pk50k,50k-triplet-d256,256,rerank,1000,0.9943,0.9929,0.9827,0.8322,1339,run_50k_ddp.py,"pk-real50k0.002 triplet corpus-trained, eval held-out queries; raw-WJ; efSearch=200"
2026-06-19,pk50k,50k-triplet-d256,256,rerank,2000,0.9944,0.9936,0.985,0.8593,898,run_50k_ddp.py,"pk-real50k0.002 triplet corpus-trained, eval held-out queries; raw-WJ; efSearch=200"
2026-06-19,pk50k,50k-triplet-d512,512,base,,0.497,0.602,0.645,0.7306,2231,run_50k_ddp.py,"pk-real50k0.002 triplet corpus-trained, eval held-out queries; raw-WJ; efSearch=200"
2026-06-19,pk50k,50k-triplet-d512,512,rerank,1000,0.9944,0.993,0.9829,0.8347,1187,run_50k_ddp.py,"pk-real50k0.002 triplet corpus-trained, eval held-out queries; raw-WJ; efSearch=200"
2026-06-19,pk50k,50k-triplet-d512,512,rerank,2000,0.9944,0.9933,0.984,0.8536,745,run_50k_ddp.py,"pk-real50k0.002 triplet corpus-trained, eval held-out queries; raw-WJ; efSearch=200"
2026-06-19,pk50k,50k-triplet-d1024,1024,base,,0.4969,0.6015,0.6446,0.7323,1492,run_50k_ddp.py,"pk-real50k0.002 triplet corpus-trained, eval held-out queries; raw-WJ; efSearch=200"
2026-06-19,pk50k,50k-triplet-d1024,1024,rerank,1000,0.9945,0.9931,0.9826,0.8346,924,run_50k_ddp.py,"pk-real50k0.002 triplet corpus-trained, eval held-out queries; raw-WJ; efSearch=200"
2026-06-19,pk50k,50k-triplet-d1024,1024,rerank,2000,0.9945,0.9933,0.9834,0.8506,671,run_50k_ddp.py,"pk-real50k0.002 triplet corpus-trained, eval held-out queries; raw-WJ; efSearch=200"
2026-06-19,pk50k,50k-triplet-d2048,2048,base,,0.4954,0.6012,0.6445,0.7335,870,run_50k_ddp.py,"pk-real50k0.002 triplet corpus-trained, eval held-out queries; raw-WJ; efSearch=200"
2026-06-19,pk50k,50k-triplet-d2048,2048,rerank,1000,0.9944,0.9929,0.9824,0.835,778,run_50k_ddp.py,"pk-real50k0.002 triplet corpus-trained, eval held-out queries; raw-WJ; efSearch=200"
2026-06-19,pk50k,50k-triplet-d2048,2048,rerank,2000,0.9944,0.9932,0.9832,0.8493,537,run_50k_ddp.py,"pk-real50k0.002 triplet corpus-trained, eval held-out queries; raw-WJ; efSearch=200"
2026-06-19,pk50k,50k-triplet-d4096,4096,base,,0.4954,0.601,0.6443,0.7343,710,run_50k_ddp.py,"pk-real50k0.002 triplet corpus-trained, eval held-out queries; raw-WJ; efSearch=200"
2026-06-19,pk50k,50k-triplet-d4096,4096,rerank,1000,0.9944,0.9929,0.9822,0.8359,620,run_50k_ddp.py,"pk-real50k0.002 triplet corpus-trained, eval held-out queries; raw-WJ; efSearch=200"
2026-06-19,pk50k,50k-triplet-d4096,4096,rerank,2000,0.9946,0.9933,0.9829,0.8486,488,run_50k_ddp.py,"pk-real50k0.002 triplet corpus-trained, eval held-out queries; raw-WJ; efSearch=200"
2026-06-19,pk50k,50k-infonce-d256,256,base,,0.459,0.5596,0.6051,0.7204,7128,run_50k_ddp.py,"pk-real50k0.002 infonce corpus-trained, eval held-out queries; raw-WJ; efSearch=200"
2026-06-19,pk50k,50k-infonce-d256,256,rerank,1000,0.9928,0.9865,0.9698,0.8204,1352,run_50k_ddp.py,"pk-real50k0.002 infonce corpus-trained, eval held-out queries; raw-WJ; efSearch=200"
2026-06-19,pk50k,50k-infonce-d256,256,rerank,2000,0.9929,0.9865,0.97,0.8206,1345,run_50k_ddp.py,"pk-real50k0.002 infonce corpus-trained, eval held-out queries; raw-WJ; efSearch=200"
2026-06-19,pk50k,50k-infonce-d512,512,base,,0.461,0.5619,0.6064,0.7211,3395,run_50k_ddp.py,"pk-real50k0.002 infonce corpus-trained, eval held-out queries; raw-WJ; efSearch=200"
2026-06-19,pk50k,50k-infonce-d512,512,rerank,1000,0.9925,0.9858,0.9683,0.815,1229,run_50k_ddp.py,"pk-real50k0.002 infonce corpus-trained, eval held-out queries; raw-WJ; efSearch=200"
2026-06-19,pk50k,50k-infonce-d512,512,rerank,2000,0.9925,0.9859,0.9683,0.8155,1075,run_50k_ddp.py,"pk-real50k0.002 infonce corpus-trained, eval held-out queries; raw-WJ; efSearch=200"
2026-06-19,pk50k,50k-infonce-d1024,1024,base,,0.4627,0.5622,0.6067,0.7206,2202,run_50k_ddp.py,"pk-real50k0.002 infonce corpus-trained, eval held-out queries; raw-WJ; efSearch=200"
2026-06-19,pk50k,50k-infonce-d1024,1024,rerank,1000,0.9926,0.9853,0.967,0.8113,1009,run_50k_ddp.py,"pk-real50k0.002 infonce corpus-trained, eval held-out queries; raw-WJ; efSearch=200"
2026-06-19,pk50k,50k-infonce-d1024,1024,rerank,2000,0.9925,0.9851,0.9669,0.8115,989,run_50k_ddp.py,"pk-real50k0.002 infonce corpus-trained, eval held-out queries; raw-WJ; efSearch=200"
2026-06-19,pk50k,50k-infonce-d2048,2048,base,,0.4638,0.5632,0.6073,0.7204,1590,run_50k_ddp.py,"pk-real50k0.002 infonce corpus-trained, eval held-out queries; raw-WJ; efSearch=200"
2026-06-19,pk50k,50k-infonce-d2048,2048,rerank,1000,0.9926,0.9853,0.9666,0.8095,907,run_50k_ddp.py,"pk-real50k0.002 infonce corpus-trained, eval held-out queries; raw-WJ; efSearch=200"
2026-06-19,pk50k,50k-infonce-d2048,2048,rerank,2000,0.9925,0.9851,0.9663,0.8092,792,run_50k_ddp.py,"pk-real50k0.002 infonce corpus-trained, eval held-out queries; raw-WJ; efSearch=200"
2026-06-19,pk50k,50k-infonce-d4096,4096,base,,0.4636,0.5629,0.6071,0.72,1168,run_50k_ddp.py,"pk-real50k0.002 infonce corpus-trained, eval held-out queries; raw-WJ; efSearch=200"
2026-06-19,pk50k,50k-infonce-d4096,4096,rerank,1000,0.9927,0.9852,0.9658,0.8078,811,run_50k_ddp.py,"pk-real50k0.002 infonce corpus-trained, eval held-out queries; raw-WJ; efSearch=200"
2026-06-19,pk50k,50k-infonce-d4096,4096,rerank,2000,0.9926,0.9853,0.9657,0.8075,681,run_50k_ddp.py,"pk-real50k0.002 infonce corpus-trained, eval held-out queries; raw-WJ; efSearch=200"
2026-06-19,pk50k,50k-rp-d256,256,base,,0.6159,0.6591,0.6837,0.7657,3890,run_50k_ddp.py,pk-real50k rp; raw-WJ
2026-06-19,pk50k,50k-rp-d256,256,rerank,1000,0.9925,0.9896,0.9829,0.9086,1642,run_50k_ddp.py,pk-real50k rp; raw-WJ
2026-06-19,pk50k,50k-rp-d256,256,rerank,2000,0.9943,0.9949,0.9932,0.9551,904,run_50k_ddp.py,pk-real50k rp; raw-WJ
2026-06-19,pk50k,50k-rp-d512,512,base,,0.6531,0.6958,0.72,0.7999,2123,run_50k_ddp.py,pk-real50k rp; raw-WJ
2026-06-19,pk50k,50k-rp-d512,512,rerank,1000,0.9944,0.9944,0.9915,0.9344,1291,run_50k_ddp.py,pk-real50k rp; raw-WJ
2026-06-19,pk50k,50k-rp-d512,512,rerank,2000,0.9949,0.9963,0.9955,0.964,746,run_50k_ddp.py,pk-real50k rp; raw-WJ
2026-06-19,pk50k,50k-rp-d1024,1024,base,,0.6747,0.7189,0.7412,0.8184,1429,run_50k_ddp.py,pk-real50k rp; raw-WJ
2026-06-19,pk50k,50k-rp-d1024,1024,rerank,1000,0.9948,0.9956,0.9937,0.944,954,run_50k_ddp.py,pk-real50k rp; raw-WJ
2026-06-19,pk50k,50k-rp-d1024,1024,rerank,2000,0.995,0.9966,0.9961,0.9672,650,run_50k_ddp.py,pk-real50k rp; raw-WJ
2026-06-19,pk50k,50k-rp-d2048,2048,base,,0.6925,0.7396,0.763,0.8373,812,run_50k_ddp.py,pk-real50k rp; raw-WJ
2026-06-19,pk50k,50k-rp-d2048,2048,rerank,1000,0.995,0.9966,0.9959,0.956,706,run_50k_ddp.py,pk-real50k rp; raw-WJ
2026-06-19,pk50k,50k-rp-d2048,2048,rerank,2000,0.9951,0.997,0.9969,0.9716,540,run_50k_ddp.py,pk-real50k rp; raw-WJ
2026-06-19,pk50k,50k-rp-d4096,4096,base,,0.7052,0.7491,0.7717,0.8408,704,run_50k_ddp.py,pk-real50k rp; raw-WJ
2026-06-19,pk50k,50k-rp-d4096,4096,rerank,1000,0.995,0.9967,0.9963,0.9588,502,run_50k_ddp.py,pk-real50k rp; raw-WJ
2026-06-19,pk50k,50k-rp-d4096,4096,rerank,2000,0.9951,0.9969,0.9969,0.972,473,run_50k_ddp.py,pk-real50k rp; raw-WJ
